{
  "Categories": [
    {
      "Name": "overview",
      "Title": "Overview"
    },
    {
      "Name": "get-started",
      "Title": "Get Started",
      "Items": [
        {
          "Name": "get-started-angular",
          "Title": "Angular"
        },
        {
          "Name": "get-started-vue",
          "Title": "Vue"
        },
        {
          "Name": "get-started-react",
          "Title": "React"
        },
        {
          "Name": "get-started-knockout",
          "Title": "Knockout"
        },
        {
          "Name": "get-started-jquery",
          "Title": "jQuery"
        }
      ]
    },
    {
      "Name": "design-survey",
      "Title": "Design a Survey",
      "Items": [
        {
          "Name": "design-survey-create-a-simple-survey",
          "Title": "Create a Simple Survey"
        },
        {
          "Name": "design-survey-create-a-multi-page-survey",
          "Title": "Create a Multi-Page Survey"
        },
        {
          "Name": "design-survey-create-a-quiz",
          "Title": "Create a Quiz"
        },
        {
          "Name": "design-survey-conditional-logic",
          "Title": "Conditional Logic and Dynamic Texts"
        },
        {
          "Name": "design-survey-configure-question-titles",
          "Title": "Configure Question Titles"
        },
        {
          "Name": "design-survey-pre-populate-form-fields",
          "Title": "Populate Form Fields"
        },
        {
          "Name": "design-survey-merge-question-values",
          "Title": "Merge Question Values"
        }
      ]
    },
    {
      "Name": "handle-survey-results",
      "Title": "Handle Survey Results",
      "Items": [
        {
          "Name": "handle-survey-results-access",
          "Title": "Access Survey Results"
        },
        {
          "Name": "handle-survey-results-store",
          "Title": "Store Survey Results"
        },
        {
          "Name": "handle-survey-results-continue-incomplete",
          "Title": "Continue an Incomplete Survey"
        }
      ]
    },
    {
      "Name": "data-validation",
      "Title": "Data Validation"
    },
    {
      "Name": "survey-localization",
      "Title": "Localization & Globalization"
    },
    {
      "Name": "manage-default-themes-and-styles",
      "Title": "Themes & Styles"
    },
    {
      "Name": "icons",
      "Title": "UI Icons"
    },
    {
      "Name": "customize-question-types",
      "Title": "Customize Question Types",
      "Items": [
        {
          "Name": "customize-question-types-create-specialized-question-types",
          "Title": "Create Specialized Question Types"
        },
        {
          "Name": "customize-question-types-create-composite-question-types",
          "Title": "Create Composite Question Types"
        },
        {
          "Name": "customize-question-types-create-custom-widgets",
          "Title": "Create Custom Widgets"
        },
        {
          "Name": "customize-question-types-third-party-component-integration-angular",
          "Title": "Integrate Third-Party Angular Components"
        },
        {
          "Name": "customize-question-types-third-party-component-integration-react",
          "Title": "Integrate Third-Party React Components"
        }
      ]
    },
    {
      "Name": "Troubleshooting",
      "Title": "Troubleshooting"
    },
    {
      "Name": "api",
      "Title": "API",
      "Items": [
        {
          "Name": "surveymodel",
          "Title": "Survey"
        },
        {
          "Name": "pagemodel",
          "Title": "Page"
        },
        {
          "Name": "popupsurveymodel",
          "Title": "Popup Survey"
        },
        {
          "Name": "question",
          "Title": "Question"
        },
        {
          "Name": "questiontextmodel",
          "Title": "Text"
        },
        {
          "Name": "questioncheckboxmodel",
          "Title": "Checkbox"
        },
        {
          "Name": "questionrankingmodel",
          "Title": "Ranking"
        },
        {
          "Name": "questionradiogroupmodel",
          "Title": "Radiogroup"
        },
        {
          "Name": "questiondropdownmodel",
          "Title": "Dropdown"
        },
        {
          "Name": "questiontagboxmodel",
          "Title": "Tag Box"
        },
        {
          "Name": "questioncommentmodel",
          "Title": "Comment"
        },
        {
          "Name": "questionratingmodel",
          "Title": "Rating"
        },
        {
          "Name": "questionimagepickermodel",
          "Title": "Image Picker"
        },
        {
          "Name": "questionbooleanmodel",
          "Title": "Boolean"
        },
        {
          "Name": "questionimagemodel",
          "Title": "Image"
        },
        {
          "Name": "questionhtmlmodel",
          "Title": "Html"
        },
        {
          "Name": "questionsignaturepadmodel",
          "Title": "Signature Pad"
        },
        {
          "Name": "questionexpressionmodel",
          "Title": "Expression"
        },
        {
          "Name": "questionfilemodel",
          "Title": "File"
        },
        {
          "Name": "questionmatrixmodel",
          "Title": "Matrix"
        },
        {
          "Name": "questionmatrixdropdownmodel",
          "Title": "Matrix Dropdown"
        },
        {
          "Name": "questionmatrixdynamicmodel",
          "Title": "Matrix Dynamic"
        },
        {
          "Name": "questionmultipletextmodel",
          "Title": "Multiple Text"
        },
        {
          "Name": "panelmodel",
          "Title": "Panel"
        },
        {
          "Name": "questionpaneldynamicmodel",
          "Title": "Panel Dynamic"
        },
        {
          "Name": "settings",
          "Title": "Global Settings"
        },
        {
          "Name": "IAction",
          "Title": "IAction",
          "IsHidden": true
        },
        {
          "Name": "ICustomQuestionTypeConfiguration",
          "Title": "ICustomQuestionTypeConfiguration",
          "IsHidden": true
        }
      ]
    }
  ]
}