{
  "folders": [
    "design-survey",
    "customize-question-types"
  ],
  "rename": {
    "design-survey-question-titles": "design-survey-configure-question-titles",
    "design-survey-conditional-display": "design-survey-conditional-logic",
    "design-survey-predefine-answers": "design-survey-pre-populate-form-fields",
    "localization": "survey-localization"
  },
  "classRename": {
    "surveymodel": "survey-data-model",
    "pagemodel": "page-model",
    "popupsurveymodel": "pop-up-survey-model",
    "questiontextmodel": "text-entry-question-model",
    "questioncheckboxmodel": "checkbox-question-model",
    "questionrankingmodel": "ranking-question-model",
    "questionradiogroupmodel": "radio-button-question-model",
    "questiondropdownmodel": "dropdown-menu-model",
    "questiontagboxmodel": "dropdown-tag-box-model",
    "questioncommentmodel": "comment-field-model",
    "questionratingmodel": "rating-scale-question-model",
    "questionimagepickermodel": "image-picker-question-model",
    "questionbooleanmodel": "boolean-question-model",
    "questionimagemodel": "add-image-to-survey",
    "questionhtmlmodel": "add-custom-html-to-survey",
    "questionsignaturepadmodel": "signature-pad-model",
    "questionexpressionmodel": "expression-model",
    "questionfilemodel": "file-model",
    "questionmatrixmodel": "matrix-table-question-model",
    "panelmodel": "panel-model",
    "questionpaneldynamicmodel": "dynamic-panel-model",
    "questionmultipletextmodel": "multiple-text-entry-question-model",
    "questionmatrixdynamicmodel": "dynamic-matrix-table-question-model",
    "questionmatrixdropdownmodel": "matrix-table-with-dropdown-list"
  }
}